{"data":{"allMarkdownRemark":{"edges":[{"node":{"frontmatter":{"AccessibilityTabs":{"list":[{"listItem":{"id":1,"link":"/services/","title":"Services"}},{"listItem":{"id":2,"link":"/services/accessibility/","title":"Accessibility"}},{"listItem":{"id":3,"link":"/services/webAccessibility/","title":"Web Accessibility"}},{"listItem":{"id":4,"link":"/services/docAccessibility/accessiblePDFUA","title":"Accessible PDF/UA"}},{"listItem":{"id":5,"link":"/services/docAccessibility/accessiblePDFForms","title":"Accessible PDF Forms"}},{"listItem":{"id":6,"link":"/services/docAccessibility/accessibleWord","title":"Accessible Word"}},{"listItem":{"id":7,"link":"/services/docAccessibility/accessiblePPT","title":"Accessible PPT"}},{"listItem":{"id":8,"link":"/services/docAccessibility/accessibleExcel","title":"Accessible Excel"}}]}}}}]}}}