{"data":{"allMarkdownRemark":{"edges":[{"node":{"frontmatter":{"accessible":{"accessiblePPT":{"description":"Microsoft PowerPoint is surely the go to format for all of us creating presentations. The question that arises is that are the PowerPoint slides accessible to people with disabilities using screen readers and assistive technology. Microsoft has built in accessibility support into Microsoft PowerPoint, but it is up to us as content creators to ensure that our PowerPoint Presentations are accessible. Microsoft PowerPoints are used to create different types of documents.","list":[{"listItems":{"id":"1","description":"To create accessible Microsoft PowerPoint presentations, we need to ensure that the content is formatted correctly and to ensure that the accessibility techniques are implemented. An assistive technology or a screen reader user often finds it difficult to read a normal PowerPoint presentation. Ensuring that we meet the accessibility techniques in Microsoft PowerPoint ensures that the presentation is easily usable and accessible to people with disabilities.","title":"How do we make Microsoft PowerPoint presentations accessible?","list":null}},{"listItems":{"id":"2","description":"A Microsoft PowerPoint presentation needs to be formatted to meet the accessibility standards. In addition, we may have to ensure that certain information is provided in addition to make the document accessible to assistive technology & screen readers. Some of the techniques that would be followed would be to:","title":"What are the techniques to make a Microsoft PowerPoint accessible?","list":[{"listItems":{"id":"1","description":"Set the Slide Title"}},{"listItems":{"id":"2","description":"Mark the language of the document & the content"}},{"listItems":{"id":"3","description":"Set the correct reading order"}},{"listItems":{"id":"4","description":"Mark the lists"}},{"listItems":{"id":"5","description":"Set the column and row headers for simple & complex tables"}},{"listItems":{"id":"6","description":"Set the bookmarks"}},{"listItems":{"id":"7","description":"Correct the colour contrast for textual content (optional)Writes the Image DescriptionsEnsures that Math content & Equations are accessible using MathML"}}]}},{"listItems":{"id":"3","description":"We work with the Web Content Accessibility Guideline (WCAG) 2.1 & 2.0 and implement the Microsoft PowerPoint Accessibility best practices to make Microsoft PowerPoint presentations accessible.","title":"What standards do we comply with Accessible PowerPoint?","list":null}},{"listItems":{"id":"4","description":"At TRENDSOFT TECHNOLOGIES PVT LTD. we take quality seriously. With expertise in WCAG 2.1 and 2.0, we not only test with the Microsoft PowerPoint Accessibility Checker but also ensure that a manual quality check is thoroughly implemented on the content. In addition, all our documents are tested by a Screen Reader User to ensure that it is goes beyond compliance and is usable to people with disabilities.","title":"How do we ensure that the PowerPoint Presentation is Accessible?","list":null}}]}}}}}]}}}