{"data":{"allMarkdownRemark":{"edges":[{"node":{"frontmatter":{"tabs":{"list":[{"listItem":{"id":1,"link":"/services/accessibility/","title":"Accessibility"}},{"listItem":{"id":2,"link":"/services/webDevelopment/","title":"Web Development"}},{"listItem":{"id":3,"link":"/services/ecommerceDevelopment/","title":"Ecommerce Development"}},{"listItem":{"id":4,"link":"/services/productDevelopment/","title":"Product Development"}},{"listItem":{"id":5,"link":"/services/mobileDevelopment/","title":"Mobile Development"}},{"listItem":{"id":6,"link":"/services/uiUXDesign/","title":"Ui/UX Design"}},{"listItem":{"id":7,"link":"/services/testing/","title":"Testing"}},{"listItem":{"id":8,"link":"/services/digitalMarketing/","title":"Digital Marketing"}}]}}}}]}}}