{"data":{"allMarkdownRemark":{"edges":[{"node":{"frontmatter":{"careers":{"php":{"title":"Responsibilities And Qualifications","list":[{"listItem":{"id":"1","description":"3+ years’ experience in Object-oriented Programming in PHP."}},{"listItem":{"id":"2","description":"Hands-on experience in developing, configuring, and customizing the platform (CMS)."}},{"listItem":{"id":"3","description":"Familiar with working with web frameworks like Laravel, Code Ignitor, YII, etc."}},{"listItem":{"id":"4","description":"Good knowledge of relational databases like MySQL/MSSQL."}},{"listItem":{"id":"5","description":"Familiar with RESTful API, JSON, HTML5, CSS and JavaScript/Typescript."}},{"listItem":{"id":"6","description":"Familiar with code versioning tools including Git, and bitbucket."}},{"listItem":{"id":"7","description":"Ability to work in a rapidly changing environment."}},{"listItem":{"id":"8","description":"Self-starter can work with minimal supervision."}},{"listItem":{"id":"9","description":"Must be able to work under pressure and towards deadlines."}},{"listItem":{"id":"10","description":"Should possess strong analytical and problem-solving abilities."}},{"listItem":{"id":"11","description":"Capable of understanding and implementing complex business requirements."}},{"listItem":{"id":"12","description":"Experience in JIRA is an advantage."}},{"listItem":{"id":"13","description":"Excellent communication skills (verbal/written)."}}]}}}}}]}}}