{"data":{"allMarkdownRemark":{"edges":[{"node":{"frontmatter":{"careers":{"ReactJs":{"title":"Requirements","list":[{"listItem":{"id":"1","description":"3+ years of experience in React.js"}},{"listItem":{"id":"2","description":"Deep understanding of HTML DOM objects, CSS & JavaScript events"}},{"listItem":{"id":"3","description":"Ability to demonstrate proficiency in Responsive Design & Accessibility."}},{"listItem":{"id":"4","description":"Proficient knowledge of code versioning tools such as GIT & CI/CD."}},{"listItem":{"id":"5","description":"Ability to work in a test-driven environment & shipping high-quality code."}},{"listItem":{"id":"6","description":"Familiarity with PHP, MySQL, Node JS, Mentor Js, React Native, API design & architecture."}},{"listItem":{"id":"7","description":"Ability to work with UI/UX designers to design, develop, test & deploy solutions based on industry best practices & implementing new UX solutions."}},{"listItem":{"id":"8","description":"Ability to build solutions, resolve design glitches & implement scalable solutions for clients."}}]}}}}}]}}}