{"data":{"allMarkdownRemark":{"edges":[{"node":{"frontmatter":{"home":{"banner":{"headers":"We Increase your <br/>Business Success","title":"Use the modern technology and IT Services","CTA":"contact"},"bannerItems":[{"card":{"id":"1","img":"/img/icons/AgileProcess.svg","title":"Agile Process","description":"We develop enterprise-grade applications employing Agile and Scrum that enables the delivery of  high-priority feature first..."}},{"card":{"id":"2","img":"/img/icons/FlexibilityinTeamScaling.svg","title":"Flexibility in Team Scaling","description":"Ramp up your team or reduce the number of resources - designers, developers or QAs - anytime as per your needs."}},{"card":{"id":"3","img":"/img/icons/BestSecurityPractices.svg","title":"Best Security Practices","description":"High-level security is not an option for enterprise-grade apps - it's a must. We comply with the highest security practices."}}],"aboutOurCompany":{"img":"/img/HomeImages/about_Frame.svg","imgDot":"/img/HomeImages/Vector1.svg","header":"About Our Company","title":"ABOUT US","description":"Trendsoft Technologies is a Professional, Website and Mobile App Development Company that Endeavor on Highly Proficient, Intuitive and Cost-Effective Software solutions. <br/> <br/> Since our Inception, we have been helping companies across all the industries to achieve their Business Goals with Impactful, Business Centric Software Solutions. <br/> <br/> With our cutting-edge technologies, Agile Methodologies and in-depth industry knowledge, we support the Digital Transformation of our clients across all Business Verticals.","CTA":"Learn more"},"servicesWeProvide":{"list":[{"listItem":{"id":"1","title":"Web Development","description":"A strong base in the field of website designing development services and made us one of  best Web  Development Company spanned across India.","img":"/img/icons/WebDevelopment.svg","page":"/services/webDevelopment/","CTA":"read more.."}},{"listItem":{"id":"2","title":"E-Commerce Development","description":"We offer effectual and prosperous e-commerce web design, module development, plug-in & solutions for small..","img":"/img/icons/EcommerceDevelopment.svg","page":"/services/ecommerceDevelopment/","CTA":"read more..."}},{"listItem":{"id":"3","title":"Product Development","description":"We proudly say we are among the best software product development companies because we have a best-in-class..","img":"/img/icons/ProductDevelopment.svg","page":"/services/productDevelopment/","CTA":"read more..."}},{"listItem":{"id":"4","title":"Mobile Development","description":"we offer full-cycle of mobile app development services including planning, design, integration, and management..","img":"/img/icons/MobileDevelopment.svg","page":"/services/mobileDevelopment/","CTA":"read more..."}},{"listItem":{"id":"5","title":"UI/UX Design","description":"No matter how powerful or innovative your application idea is, without a solid, well-thought user interface design,","img":"/img/icons/UiUXDesign.svg","page":"/services/uiUXDesign/","CTA":"read more..."}},{"listItem":{"id":"6","title":"Digital Marketing","description":"our performance-based marketing plans will always deliver the results you pay for.Strategies built..","img":"/img/icons/DigitalMarketing.svg","page":"/services/digitalMarketing/","CTA":"read more..."}}],"title":"SERVICES","subTitle":"Services We Provide"},"accessibilityServices":{"list":[{"listItem":{"id":"1","img":"/img/icons/Docaccessibility.svg","title":"Doc Accessibility","page":"","description":"We provide document accessibility services in order to assure all documents are compliant with the regulations."}},{"listItem":{"id":"2","img":"/img/icons/webaccessibility.svg","title":"Web Accessibility","page":"","description":"We offers a variety of services to help you make your new or existing website accessible to users ..."}}]},"contactUs24x7":{"title":"CONTACT US 24/7","personsImage":"/img/HomeImages/contactFrame.svg","description":"Have any idea or project for in your mind call us or schedule a appointment. Our representative will reply you shortly.","CTA":"Contact Us"},"workingProcess":{"title":"WORKING PROCESS","text":"Our Working Process - How We Work For Our Customers","CTA":"Contact Us","list":[{"listItem":{"id":"1","num":"1.","title":"Planning","description":"Clients usually have an idea of what they want as the end result, but not what the software should go..."}},{"listItem":{"id":"2","num":"2.","title":"Implementation","description":"All plans are as good as their implementation; At Trendsoft we understand that and our ..."}},{"listItem":{"id":"3","num":"3.","title":"Testing","description":"All plans are as good as their implementation; At Trendsoft we understand that and our software..."}},{"listItem":{"id":"4","num":"4.","title":"Deployment","description":"One the product is accepted by the client we move towards deployment. Our support teams..."}}]}}}}}]}}}