{"data":{"allMarkdownRemark":{"edges":[{"node":{"frontmatter":{"about":{"aboutimg":"/img/AboutImages/AboutUs.svg","Visionimg":"/img/AboutImages/OurVision.svg","chooseimg":"/img/AboutImages/Choose.svg","aboutUs":"aboutUs","aboutUsDescription":"Trendsoft Technologies is a Professional, Website and Mobile App Development Company that Endeavor on Highly Proficient, Intuitive and  Cost-Effective Software solutions. Since our Inception, we have been helping companies across all the industries to achieve their Business Goals with Impactful, Business Centric Software Solutions.<br/><br/>With our cutting-edge technologies, Agile Methodologies and in-depth industry knowledge, we support the Digital Transformation of our clients across all Business Verticals.","ourMission":" Our Mission","ourMissionDescription":"Our mission is to be a customer focus company, serving our business partners and clients to the best of our ability, while adding value to our clients’ businesses.","ourVision":"Our Vision","ourVisionDescription":"Our vision is to be the best in providing IT solutions and services with customer excellence and sound business practices.","whychoose":"why choose Us?","whychooseDescription":"Vision + Hard work + Consistency <br/><br/>At Trendsoft Quality is our ultimate business plan. We consider every aspect which matters to clients' data security and intellectual property protections. We believe that transparency is needed to create trust, and so it is integral part or Trendsoft culture. It gives us utmost confidence to provide a visibility regarding the development process to the clients. Being your technology partner, we make sure to deliver right combination of technologies for your need and excellent result of it."}}}}]}}}