{"data":{"allMarkdownRemark":{"edges":[{"node":{"frontmatter":{"contact":{"emailimg":"/img/icons/mail.svg","altEmail":"mail images","addressimg":"/img/icons/locationpin.svg","altAddress":"Address images","addressOne":"Address 1:","addressOneInfo":"MIG-37 Vasavi Srinivasam Apartment Flat No.301 3rd Floor  KPHB Colony Road No.1 Kukatpally Hyderabad-500072","addressTwo":"Address 2:","addressTwoInfo":"Unit No: 301-302 NRT Tech Park Mangalagiri Bypass Amaravati-522503","businessEmail":"info@trendsofttech.com","businessMailTitle":"For Business Inquiries:","email":"info@trendsofttech.com","emailTitle":"email:","title":"Contact Us"}}}}]}}}