{"data":{"allMarkdownRemark":{"edges":[{"node":{"frontmatter":{"services":{"testing":{"title":"Software Testing and QA Services","description":"Trendsoft offers independent quality engineering and a wide range of software testing services and solutions for the next generation enterprises across the globe. Our experienced and deep-skilled quality assurance professionals have a hands-on, end-to-end understanding of the challenges faced by enterprises while on the path of digital transformation.<br/><br/>Whether you have desktop, mobile or next-gen-based applications, our software testing specialists work with a focused approach to help you get more out of your testing efforts and improve time to market, and thus, your ROI.","test":[{"listItems":{"id":"1","title":"Functional Testing","description":"Validating the software system to conform to each functional requirement of the application meets the expected output. Our experienced QA testing team implements functional testing to majorly focus on user interface, database, security, API’s, client or server application and similar functionalities of the application."}},{"listItems":{"id":"2","title":"Performance Testing:","description":" Increasing load time, inefficient responsiveness and instability can be overcome by performance testing. Our profound experience in performance testing by executing quality checks and software behavior analysis under load and stress guarantees flawless, reliable and smarter applications."}},{"listItems":{"id":"3","title":"Security Testing:","description":"Uncover potential vulnerabilities of your running application by enabling security testing with every release. Our QA testing services are performed by a talented pool of test engineers who execute risk assessment and penetration testing to shield applications from hackers or malicious threats."}},{"listItems":{"id":"4","title":"Usability Testing: ","description":"Monitor application behavior when multiple functions of the application operate concurrently. Our software testing services entail an in-depth analysis of user behavior patterns that identify potential usability issues in the initial phase and create a seamless product."}},{"listItems":{"id":"5","title":"Compatibility Testing:","description":"Explore the possibilities of compatibility testing, software testing services where an application is tested meticulously across different browsers, databases, hardware, operating systems, server infrastructures, resolution displays and devices."}},{"listItems":{"id":"6","title":"Mobile App Testing:","description":"Scalability, security and multi-platform support are the cornerstones of a mobile app. We provides cross platform, functional/non-functional testing with manual testing as well as automated testing approach for diverse mobile applications"}}]}}}}}]}}}