{"data":{"allMarkdownRemark":{"edges":[{"node":{"frontmatter":{"home":{"banner":{"headers":"We Increase your <br/>Business Success","title":"Use the modern technology and IT Services","CTA":"contact"},"navbar":{"logo":"","button":"contact","closeMenu":"Close","openMenu":"Menu","list":[{"listItem":{"id":1,"title":"Home"}},{"listItem":{"id":2,"title":"Services"}},{"listItem":{"id":3,"title":"About"}},{"listItem":{"id":4,"title":"Portfolio"}},{"listItem":{"id":5,"title":"Careers"}},{"listItem":{"id":6,"title":"Contact"}}]},"bannerItems":[{"card":{"id":"1","img":"https://trendsofttech.netlify.app/img/HomeImage/agile.png","title":"Agile Process","description":"We develop enterprise-grade applications employing Agile and Scrum that enables the delivery of  high-priority feature first..."}},{"card":{"id":"2","img":"https://trendsofttech.netlify.app/img/HomeImage/team.png","title":"Flexibility in Team Scaling","description":"Ramp up your team or reduce the number of resources - designers, developers or QAs - anytime as per your needs."}},{"card":{"id":"3","img":"https://trendsofttech.netlify.app/img/HomeImage/secu.png","title":"Best Security Practices","description":"High-level security is not an option for enterprise-grade apps - it's a must. We comply with the highest security practices."}}],"aboutOurCompany":{"img":"/img/about_Frame.svg","imgDot":"/img/Vector1.svg","header":"About Our Company","title":"ABOUT US","description":"Trendsoft Technologies is a Professional, Website and Mobile App Development Company that Endeavor on Highly Proficient, Intuitive and Cost-Effective Software solutions. <br/> <br/> Since our Inception, we have been helping companies across all the industries to achieve their Business Goals with Impactful, Business Centric Software Solutions. <br/> <br/> With our cutting-edge technologies, Agile Methodologies and in-depth industry knowledge, we support the Digital Transformation of our clients across all Business Verticals.","CTA":"Learn more"},"servicesWeProvide":{"title":"SERVICES","subTitle":"Services We Provide","list":[{"listItem":{"id":"1","img":"https://trendsofttech.netlify.app/img/HomeImage/wd.jpg","title":"Web Development","page":"","description":"A strong base in the field of website designing development services and made us one of  best Web  Development Company spanned across India.","CTA":"read more.."}},{"listItem":{"id":"2","img":"https://trendsofttech.netlify.app/img/HomeImage/ed.jpg","title":"E-Commerce Development","page":"","description":"We offer effectual and prosperous e-commerce web design, module development, plug-in & solutions for small..","CTA":"read more..."}},{"listItem":{"id":"3","img":"https://trendsofttech.netlify.app/img/HomeImage/pd.jpg","title":"Product Development","page":"","description":"We proudly say we are among the best software product development companies because we have a best-in-class..","CTA":"read more..."}},{"listItem":{"id":"4","img":"https://trendsofttech.netlify.app/img/HomeImage/md.jpg","title":"Mobile Development","page":"","description":"we offer full-cycle of mobile app development services including planning, design, integration, and management..","CTA":"read more..."}},{"listItem":{"id":"5","img":"https://trendsofttech.netlify.app/img/HomeImage/UI.jpg","title":"UI/UX Design","page":"","description":"No matter how powerful or innovative your application idea is, without a solid, well-thought user interface design,","CTA":"read more..."}},{"listItem":{"id":"6","img":"https://trendsofttech.netlify.app/img/HomeImage/dm.jpg","title":"Digital Marketing","page":"","description":"our performance-based marketing plans will always deliver the results you pay for.Strategies built..","CTA":"read more..."}}]},"accessibilityServices":{"list":[{"listItem":{"id":"1","img":"\thttps://trendsofttech.netlify.app/img/HomeImage/da.png","title":"Doc Accessibility","page":"","description":"We provide document accessibility services in order to assure all documents are compliant with the regulations."}},{"listItem":{"id":"2","img":"https://trendsofttech.netlify.app/img/HomeImage/wa.png","title":"Web Accessibility","page":"","description":"We offers a variety of services to help you make your new or existing website accessible to users ..."}}]},"contactUs24x7":{"title":"CONTACT US 24/7","personsImage":"/img/contact_Frame.svg","description":"Have any idea or project for in your mind call us or schedule a appointment. Our representative will reply you shortly.","CTA":"Contact Us"},"workingProcess":{"title":"WORKING PROCESS","text":"Our Working Process - How We Work For Our Customers","CTA":"Contact Us","list":[{"listItem":{"id":"1","num":"1.","title":"Planning","description":"Clients usually have an idea of what they want as the end result, but not what the software should go..."}},{"listItem":{"id":"2","num":"2.","title":"Implementation","description":"All plans are as good as their implementation; At Trendsoft we understand that and our ..."}},{"listItem":{"id":"3","num":"3.","title":"Testing","description":"All plans are as good as their implementation; At Trendsoft we understand that and our software..."}},{"listItem":{"id":"4","num":"4.","title":"Deployment","description":"One the product is accepted by the client we move towards deployment. Our support teams..."}}]}}}}}]}}}