{"data":{"allMarkdownRemark":{"edges":[{"node":{"frontmatter":{"services":{"digitalMarketing":{"description":"Performance Driven Digital Marketing Solutions<br/>Trendsoft is a result-driven performance marketing agency with focus on 100% measurable returns. our performance-based marketing plans will always deliver the results you pay for. Strategies built around individual mediums don’t necessarily have a huge impact. Thus, we use them in conjunction to create a more influential online presence. Our team combines technology and communication mediums to ideate, create and optimize performance-centric campaigns that reduce risks involved and deliver higher ROI. No matter the size of your organization, we make sure that every dollar spent on advertising work and maximize your overall return on investment.","list":[{"listItems":{"id":"1","title":"The Trendsoft Transparent Development Model","description":"Our software development model ensures that the customer is involved at all stages of development and transparency is maintained. <br/>By keeping the customer involved we ensure a satisfactory product in all phases of software development. It allows the customer to understand the core at development and a part of the Trendsoft team. Here we make you feel not just a part of the action but also leading from the front. <br/><br/>The Trendsoft development model places the customer at the helm of the process thus raising the confidence and returns from the product delivered.","list":null}},{"listItems":{"id":"2","title":"Development Phases at Trendsoft","description":"","list":[{"listItems":{"id":"1","title":"Planning:","description":"Clients usually have an idea of what they want as the end result, but not what the software should go. Our skilled and experiences experts help the clients define the software requirements and scope thereby generating a clear map for the client and our development teams. We it is this step where we generate maximum value for the clients. "}},{"listItems":{"id":"2","title":"Implementation, testing and documenting:","description":"All plans are as good as their implementation; At Trendsoft we understand that and our software experts ensure that we follow the code to the letter. Our Quality team ensures that defects are recognized as soon as possible."}},{"listItems":{"id":"3","title":"Deployment and maintenance:","description":"One the product is accepted by the client we move towards deployment. Our support teams ensure that the applications have the right environment for the applications and take care of any eventualities. Trendsoft CRM team keeps an eye on the latest trends and updates our clients continually on how to improve their applications, adding value to your business even after the product has been delivered."}}]}}]}}}}}]}}}