{"data":{"allMarkdownRemark":{"edges":[{"node":{"frontmatter":{"home":{"navbar":{"logo":"/img/HomeImages/logo.svg","button":"contact","openMenu":"Menu","closeMenu":"Close","list":[{"listItem":{"id":1,"link":"/","title":"Home"}},{"listItem":{"id":2,"link":"/services/","title":"Services"}},{"listItem":{"id":3,"link":"/about/","title":"About"}},{"listItem":{"id":4,"link":"/portfolio/","title":"Portfolio"}},{"listItem":{"id":5,"link":"/careers/careers/","title":"Careers"}},{"listItem":{"id":6,"link":"/contact/","title":"Contact"}}]},"footer":{"logo":"/img/HomeImages/trendsoftlogo.svg","alt":"logo image","description":"At Trendsoft Quality is our ultimate business plan. We consider every aspect which matters to clients' data security and intellectual property protections.","itService":[{"listItem":{"id":"1","page":"/services/webDevelopment/","title":"Web Development"}},{"listItem":{"id":"2","page":"/services/ecommerceDevelopment/","title":"E-Commerce Development"}},{"listItem":{"id":"3","page":"/services/productDevelopment/","title":"Product Development"}},{"listItem":{"id":"4","page":"/services/mobileDevelopment/","title":"Mobile Development"}},{"listItem":{"id":"5","page":"/services/uiUXDesign/","title":"UI/UX Design"}},{"listItem":{"id":"6","page":"/services/testing/","title":"Testing"}},{"listItem":{"id":"7","page":"/services/digitalMarketing/","title":"Digital Marketing"}}],"contactTitle":"Contact Info","itTitle":"IT Services","local":"Trendsoft Technologies Pvt. Ltd,Flat #302, 2nd Floor, PKR Complex,Road No. 1, KPHB Colony, Kukatpally, Hyderabad – 500072","mail":"info@trendsofttech.com <br/>service@trendsofttech.com ","mailLink":"","website":"http://www.trendsofttech.com","facebookLink":"https://www.facebook.com/trendsofttech/","linkedinLink":"https://www.linkedin.com/authwall?trk=bf&trkInfo=AQE2hU0J4z4P2gAAAYViiW5grJXhnU1sVxZd3Vt3HX2uebekQCjbXcACP3SqWZ6AlHcr8fcP6WPuusSq3zYfhd6_lHKXkaScAYFVGSvEFtEJdCzMRdWo0-YyL5CNJT_y1QnzvXg=&original_referer=&sessionRedirect=https%3A%2F%2Fwww.linkedin.com%2Fin%2Ftrendsoft-technologies-192645240","websiteLink":"","reserved":"© 2022 All Rights Reserved."}}}}}]}}}