{"data":{"allMarkdownRemark":{"edges":[{"node":{"frontmatter":{"home":{"accessibilityServices":{"list":[{"listItem":{"id":"1","img":"/img/icons/Docaccessibility.svg","alt":"Doc Accessibility Image","title":"Doc Accessibility","page":"","description":"We provide document accessibility services in order to assure all documents are compliant with the regulations."}},{"listItem":{"id":"2","img":"/img/icons/webaccessibility.svg","alt":"Web Accessibility Image","title":"Web Accessibility","page":"","description":"We offers a variety of services to help you make your new or existing website accessible to users ..."}}]}}}}}]}}}