{"data":{"allMarkdownRemark":{"edges":[{"node":{"frontmatter":{"tabs":null}}},{"node":{"frontmatter":{"tabs":null}}},{"node":{"frontmatter":{"tabs":null}}},{"node":{"frontmatter":{"tabs":{"list":[{"listItem":{"id":1,"title":"Accessibility"}},{"listItem":{"id":2,"title":"Web Development"}},{"listItem":{"id":3,"title":"Ecommerce Development"}},{"listItem":{"id":4,"title":"Product Development"}},{"listItem":{"id":5,"title":"Mobile Development"}},{"listItem":{"id":6,"title":"Ui/UX Design"}},{"listItem":{"id":7,"title":"Testing"}},{"listItem":{"id":8,"title":"Digital Marketing"}}]}}}}]}}}