{"data":{"allMarkdownRemark":{"edges":[{"node":{"frontmatter":{"careers":{"designer":{"title":"web-designer","list":[{"listItem":{"id":"1","description":"Creative UI/UX designer having skills in HTML5, CSS3, AngularJS, Bootstrap, AJAX, web designing, JavaScript, JQuery, Photoshop, Illustrator, Dreamweaver & flash."}},{"listItem":{"id":"2","description":"Build reusable code and libraries for future use."}},{"listItem":{"id":"3","description":"Work closely with developers to ensure designs are built accurately to spec."}},{"listItem":{"id":"4","description":"Optimize applications for maximum speed and scalability."}},{"listItem":{"id":"5","description":"Design logos, icons, flyers, pamphlets and other marketing material."}},{"listItem":{"id":"6","description":"Design user interaction models, workflows and user interfaces for cross-device experiences."}},{"listItem":{"id":"7","description":"Creating low, medium, and high fidelity UI prototypes."}},{"listItem":{"id":"8","description":"Creating wireframes and User Interface (UI) concept mockups."}},{"listItem":{"id":"9","description":"Good understanding of browser rendering behavior and performance."}},{"listItem":{"id":"10","description":"Up-to-date with the latest UI trends, techniques, technologies, web and mobile design."}}]}}}}}]}}}