{"data":{"allMarkdownRemark":{"edges":[{"node":{"frontmatter":{"accessible":{"accessiblePDFForms":{"description":"An accessible PDF ensures that everyone including people with disabilities can interact with your document and access the content, images, graphs, forms that are present easily.<br/><br/>Forms can be newsletter subscription, event registration, job application, customer feedback, admission forms, sign up forms etc. Most of the organization use PDF forms to collect and organize data. But it is important to make these forms accessible to gather data efficiently.<br/><br/>Making a PDF from accessible requires a little more effort as it is more than just dropping form elements into your document. PDF forms have some inherent accessibility limitations and hence it is important to provide a text description that will make the PDF fillable and help a screen reader to access the form easily while navigating through the PDF.<br/><br/>Challenges generally faced by screen reader users:<br/><br/><li>Form controls not identified</li><br/><li>Labels and instructions not associated with form controls</li><li>Illogical tabbing and reading order</li>","list":[{"listItems":{"id":"1","title":"What goes in making a PDF form accessible?","description":"","list":[{"listItems":{"id":"1","description":"Assigning descriptive label to each form control"}},{"listItems":{"id":"2","description":"Ensuring forms are tagged using appropriate form controls"}},{"listItems":{"id":"3","description":"Ensuring check boxes and radio buttons are grouped"}},{"listItems":{"id":"4","description":"Including form instructions indicating the input format with the label of the form field."}},{"listItems":{"id":"5","description":"Ensuring logical tabbing and meaningful reading order of the form"}}]}},{"listItems":{"id":"2","title":"What standards do we comply with Accessible PDF?","description":"We work with the Web Content Accessibility Guideline (WCAG) 2.0 & 2.1 – PDF Techniques & PDF U/A standard. Meeting these standards for PDF accessibility ensure that we comply to the requirements as per ADA, AODA, HHS, Section 504 & Section 508.","list":null}},{"listItems":{"id":"3","title":"How do we ensure that the PDF document is Accessible?","description":"With expertise in WCAG 2.0,2.1 and PDF Techniques & PDF U/A standard, we not only test with the PDF Accessibility Checker in Adobe Professional but also ensure that a manual quality check is thoroughly implemented. In addition, the PDF forms are tested by a Screen Reader User to ensure that it is goes beyond compliance and is usable to people with disabilities","list":null}}]}}}}}]}}}