{"data":{"allMarkdownRemark":{"edges":[{"node":{"frontmatter":{"accessible":{"accessibleExcel":{"description":"Microsoft Excel is a handy tool when it comes to storing and organizing large amount of data. If using properly and because of its in- built features, you are at an accessibility advantage when using Microsoft Excel.","list":[{"listItems":{"id":"1","title":"How do we make Excel Files accessible?","description":"At TRENDSOFT TECHNOLOGIES PVT LTD., we ensure that your Excel files are Section 508 compliant. We cover Document Language, Image Descriptions, Making Tables Accessible, Using the Accessibility Checker etc.","data":null,"list":null}},{"listItems":{"id":"2","title":"What are the techniques to make an Excel File accessible?","description":"Some of the techniques that would be followed to make your Excel files accessible would be to:","data":"– Creating meaningful Hyperlink text<br/>– Correct the colour contrast for textual content (optional).<br/>","list":[{"listItems":{"id":"1","description":"Setting the Document Language"}},{"listItems":{"id":"2","description":"Providing appropriate Image Descriptions for images"}},{"listItems":{"id":"3","description":"Specify Column Header in tables"}}]}},{"listItems":{"id":"3","title":"What standards do we comply with Accessible Excel?","description":"We work with the Web Content Accessibility Guideline (WCAG) 2.0, 2.1. Meeting these standards for Excel accessibility ensures that we comply to the requirements as per HHS, ADA, AODA & Section 508.","data":null,"list":null}},{"listItems":{"id":"3","title":"How do we ensure that the Excel file is Accessible?","description":"At TRENDSOFT TECHNOLOGIES PVT LTD. we take quality seriously. We work closely with your team to for a fast turnaround and cost-effective accessible Excel files remediation.<br/><br/>With expertise in WCAG 2.0, 2.1 we not only test with the Accessibility Checker in Excel but also ensure that a manual quality check is thoroughly implemented on the tags and the content. In addition, all our documents are tested by a Screen Reader User to ensure that it is goes beyond compliance and is usable to people with disabilities.","data":null,"list":null}}]}}}}}]}}}