{"data":{"allMarkdownRemark":{"edges":[{"node":{"frontmatter":{"contact":{"emailimg":"/img/icons/mail.svg","addressimg":"/img/icons/locationpin.svg","addressOne":"Address 1:","addressOneInfo":"Flat No.301 3rd Floor MIG-37 Vasavi Srinivasam Apartment KPHB Colony Road No.1 Kukatpally Hyderabad-500072","addressTwo":"Address 2:","addressTwoInfo":"Unit No: 301-302 NRT Tech Park Mangalagiri Bypass Amaravati-522503","businessEmail":"info@trendsofttech.com","businessMailTitle":"For Business Inquiries:","email":"info@trendsofttech.com","emailTitle":"email:","title":"Contact Us"}}}}]}}}