{"data":{"allMarkdownRemark":{"edges":[{"node":{"frontmatter":{"home":{"navbar":{"logo":"/img/HomeImages/logo.svg","button":"contact","closeMenu":"Close","openMenu":"Menu","list":[{"listItem":{"id":1,"title":"Home","link":"/"}},{"listItem":{"id":2,"title":"Services","link":"/services/"}},{"listItem":{"id":3,"title":"About","link":"/about/"}},{"listItem":{"id":4,"title":"Portfolio","link":"/portfolio/"}},{"listItem":{"id":5,"title":"Careers","link":"/careers/"}},{"listItem":{"id":6,"title":"Contact","link":"/contact/"}}]}}}}},{"node":{"frontmatter":{"home":null}}}]}}}