{"data":{"allMarkdownRemark":{"edges":[{"node":{"frontmatter":{"accessible":{"accessibleWord":{"description":"A large number of documents created today are developed using Microsoft Word. Accessibility options and best practices are available to ensure that documents created with Microsoft Word are accessible to people with disabilities using screen readers and assistive technology. It’s often not knowing about these features. Microsoft Word is probably the go to format for so many people to create documents.","list":[{"listItems":{"id":"1","description":"They key to providing an accessible Microsoft Word document is to ensure that the content is formatted correctly and to ensure that the accessibility options are implemented. An assistive technology or a screen reader user might be able to read a normal Word Document. But ensuring that we meet the accessibility techniques in Microsoft Word ensures that the document is easily usable and accessible to people with disabilities.","title":"How do we make Microsoft Word documents accessible?","list":null}},{"listItems":{"id":"2","description":"A Microsoft Word document needs to be formatted to meet the accessibility standards. In addition, we may have to ensure that certain information is provided in addition to make the document accessible to assistive technology & screen readers. Some of the techniques that would be followed would be to:","title":"What are the techniques to make a Microsoft document accessible?","list":[{"listItems":{"id":"1","description":"Set the relevant Headings"}},{"listItems":{"id":"2","description":"Mark the language of the document & the content"}},{"listItems":{"id":"3","description":"Set the correct reading order"}},{"listItems":{"id":"4","description":"Mark the lists"}},{"listItems":{"id":"5","description":"Set the column and row headers for simple & complex tables"}},{"listItems":{"id":"6","description":"Set the bookmarks"}},{"listItems":{"id":"7","description":"Correct the colour contrast for textual content (optional)"}}]}},{"listItems":{"id":"3","description":"We work with the Web Content Accessibility Guideline (WCAG) 2.0 and implement the Microsoft Word Accessibility best practices to make Microsoft Word documents Accessible.","title":"What standards do we comply with for Accessible Microsoft Word documents?","list":null}}]}}}}}]}}}