{"data":{"allMarkdownRemark":{"edges":[{"node":{"frontmatter":{"tabs":{"list":[{"listItem":{"id":1,"title":"Accessibility","link":"/services/accessibility/"}},{"listItem":{"id":2,"title":"Web Development","link":"/services/webDevelopment/"}},{"listItem":{"id":3,"title":"Ecommerce Development","link":"/services/ecommerceDevelopment/"}},{"listItem":{"id":4,"title":"Product Development","link":"/services/productDevelopment/"}},{"listItem":{"id":5,"title":"Mobile Development","link":"/services/mobileDevelopment/"}},{"listItem":{"id":6,"title":"Ui/UX Design","link":"/services/uiUXDesign/"}},{"listItem":{"id":7,"title":"Testing","link":"/services/testing/"}},{"listItem":{"id":8,"title":"Digital Marketing","link":"/services/digitalMarketing/"}}]}}}}]}}}