{"data":{"allMarkdownRemark":{"edges":[{"node":{"frontmatter":{"accessible":{"accessiblePDFUA":{"description":"Yes, yes, yes! PDFs also need to be accessible so that people with disabilities using screen reader, speech to text technology or braille displayer get equal access. Providing Accessible PDFs is now a requirement as per Americans with Disabilities Act (ADA), Section 508 & AODA.<br/><br/>Just because a document is available as a downloadable PDF does not mean that it is an accessible PDF. As we know, PDFs are the go to format for organizations to share information.","list":[{"listItems":{"id":"1","description":"The key to providing an accessible PDF is to ensure that it is a tagged PDF. Tagging a PDF ensures that the content is available to assistive technology & screen reader users. <br/><br/>A tagged PDF has different elements that are required to be marked up. It is very similar to an HTML document. Once a PDF is tagged, we can then set the relevant content into the specified tags. The tags then provide the relevant information to the assistive technology of the type of content that is there in the document.","title":"How do we make PDFs accessible?","list":null}},{"listItems":{"id":"2","description":"Once a PDF is converted into a tagged PDF, the content is then marked up to ensure that it is understandable to assistive technology like screen readers. Some of the techniques that would be followed would be to:","title":"What are the techniques to make a PDF document accessible?","list":[{"listItems":{"id":"1","description":"Set the column and row headers for simple & complex tables"}},{"listItems":{"id":"2","description":"Mark the language of the document & the content"}},{"listItems":{"id":"3","description":"Set the correct reading order"}},{"listItems":{"id":"4","description":"Mark the lists"}},{"listItems":{"id":"5","description":"Set the column and row headers for simple & complex tables"}},{"listItems":{"id":"6","description":"Set the bookmarks"}},{"listItems":{"id":"7","description":"Correct the colour contrast for textual content (optional)"}}]}},{"listItems":{"id":"3","description":"We work with PDF/UA & Web Content Accessibility Guideline (WCAG) 2.0 & 2.1. Meeting these standards for PDF accessibility ensure that documents comply to the requirements as per ADA, AODA & Section 508.","title":"What standards do we conform with for Accessible PDF?","list":null}},{"listItems":{"id":"3","description":"At TRENDSOFT TECHNOLOGIES PVT LTD., we take quality seriously. With expertise in PDF/UA & WCAG 2.0 & 2.1, we not only test with the PDF Accessibility Checker in Adobe Professional but also ensure that a manual quality check is thoroughly implemented on the tags and the content. In addition, all our documents are tested by a native Screen Reader User to ensure that it is goes beyond compliance and is usable to people with disabilities.","title":"How do we ensure that the PDF document is Accessible?","list":null}}]}}}}}]}}}