{"data":{"allMarkdownRemark":{"edges":[{"node":{"frontmatter":{"services":{"webDevelopment":{"description":"A strong base in the field of website designing and development services made us one of the best Web Development Company spanned across India.  At Trendsoft, we keep up the pace with deep knowledge, development, and experience to proffer web solutions that are best suited to your business venture. A business website plays a major role in depicting your intentions and goals. Just a company profile is worthless and so we help you build an informative and impressive website to draw the attention of your valuable customers. <br/> <br/>As a leading web development company, our professional expertise comprises skilled and experienced designers and developers flexible in creating business websites according to the demands. We offer custom website development services including WordPress Development, e-Commerce Website Development, Magento Development, Custom Web App Development, Joomla Development, Content Management System, Mobile App Development, Mobile Responsive Website, Internet Marketing & Digital Marketing. Our web specialists are committed to providing the best products and services to ensure a great business ahead.","list":[{"listItems":{"id":"1","title":"The Trendsoft Transparent Development Model","description":"Our software development model ensures that the customer is involved at all stages of development and transparency is maintained. <br/>By keeping the customer involved we ensure a satisfactory product in all phases of software development. It allows the customer to understand the core at development and a part of the Trendsoft team. Here we make you feel not just a part of the action but also leading from the front. <br/><br/>The Trendsoft development model places the customer at the helm of the process thus raising the confidence and returns from the product delivered.","list":null}},{"listItems":{"id":"2","title":"Development Phases at Trendsoft","description":"","list":[{"listItems":{"id":"1","title":"Planning:","description":"Clients usually have an idea of what they want as the end result, but not what the software should go. Our skilled and experiences experts help the clients define the software requirements and scope thereby generating a clear map for the client and our development teams. We it is this step where we generate maximum value for the clients. "}},{"listItems":{"id":"2","title":"Implementation, testing and documenting:","description":"All plans are as good as their implementation; At Trendsoft we understand that and our software experts ensure that we follow the code to the letter. Our Quality team ensures that defects are recognized as soon as possible."}},{"listItems":{"id":"3","title":"Deployment and maintenance:","description":"One the product is accepted by the client we move towards deployment. Our support teams ensure that the applications have the right environment for the applications and take care of any eventualities. Trendsoft CRM team keeps an eye on the latest trends and updates our clients continually on how to improve their applications, adding value to your business even after the product has been delivered."}}]}}]}}}}}]}}}