{"data":{"allMarkdownRemark":{"edges":[{"node":{"frontmatter":{"home":{"navbar":{"logo":"/img/HomeImages/logo.svg","button":"contact","openMenu":"Menu","closeMenu":"Close","list":[{"listItem":{"id":1,"link":"/","title":"Home"}},{"listItem":{"id":2,"link":"/services/","title":"Services"}},{"listItem":{"id":3,"link":"/about/","title":"About"}},{"listItem":{"id":4,"link":"/portfolio/","title":"Portfolio"}},{"listItem":{"id":5,"link":"/careers/careers/","title":"Careers"}},{"listItem":{"id":6,"link":"/contact/","title":"Contact"}}]}}}}}]}}}