{"data":{"allMarkdownRemark":{"edges":[{"node":{"frontmatter":{"home":null}}},{"node":{"frontmatter":{"home":{"accessibilityServices":{"list":[{"listItem":{"id":"1","img":"/img/icons/Docaccessibility.svg","title":"Doc Accessibility","description":"We provide document accessibility services in order to assure all documents are compliant with the regulations."}},{"listItem":{"id":"2","img":"/img/icons/webaccessibility.svg","title":"Web Accessibility","description":"We offers a variety of services to help you make your new or existing website accessible to users ..."}}]}}}}},{"node":{"frontmatter":{"home":null}}},{"node":{"frontmatter":{"home":null}}}]}}}