{"app":["/app-841de100749454ab8f0a.js"],"component---src-pages-404-js":["/component---src-pages-404-js-6e02d73553697a981055.js"],"component---src-pages-about-js":["/component---src-pages-about-js-729eb70bef50ff05a591.js"],"component---src-pages-careers-designer-js":["/component---src-pages-careers-designer-js-42bd7c0200c492e2959a.js"],"component---src-pages-careers-index-js":["/component---src-pages-careers-index-js-ddbc3b87d0b2bb21783d.js"],"component---src-pages-careers-laravel-js":["/component---src-pages-careers-laravel-js-09217111c98a021e27f6.js"],"component---src-pages-careers-reactinfo-js":["/component---src-pages-careers-reactinfo-js-ce7d151aa642eeecd773.js"],"component---src-pages-contact-js":["/component---src-pages-contact-js-70b39ae2cda2cbc88766.js"],"component---src-pages-index-js":["/component---src-pages-index-js-f282cf3cb6971bd03709.js"],"component---src-pages-portfolio-js":["/component---src-pages-portfolio-js-e903ae93af31ea0fd4e6.js"],"component---src-pages-services-accessibility-accessibility-js":["/component---src-pages-services-accessibility-accessibility-js-e228870d6a522cc1b525.js"],"component---src-pages-services-digital-marketing-js":["/component---src-pages-services-digital-marketing-js-219922bd91581e5a063e.js"],"component---src-pages-services-doc-accessibility-accessible-excel-js":["/component---src-pages-services-doc-accessibility-accessible-excel-js-ac53aa4564e120c87b0e.js"],"component---src-pages-services-doc-accessibility-accessible-pdf-forms-js":["/component---src-pages-services-doc-accessibility-accessible-pdf-forms-js-9a3aaf479f8aa7748d2a.js"],"component---src-pages-services-doc-accessibility-accessible-pdfua-js":["/component---src-pages-services-doc-accessibility-accessible-pdfua-js-a7b8c792af26b215fbbc.js"],"component---src-pages-services-doc-accessibility-accessible-ppt-js":["/component---src-pages-services-doc-accessibility-accessible-ppt-js-86380be462cc6dca09ea.js"],"component---src-pages-services-doc-accessibility-accessible-word-js":["/component---src-pages-services-doc-accessibility-accessible-word-js-37ca3dd178c6d4cd6792.js"],"component---src-pages-services-ecommerce-development-js":["/component---src-pages-services-ecommerce-development-js-028318dfe12b2368ebff.js"],"component---src-pages-services-index-js":["/component---src-pages-services-index-js-76d873a887bcd6c862bd.js"],"component---src-pages-services-mobile-development-js":["/component---src-pages-services-mobile-development-js-314696493fed8bc77a7f.js"],"component---src-pages-services-product-development-js":["/component---src-pages-services-product-development-js-cb8421355fba0f425d2f.js"],"component---src-pages-services-testing-js":["/component---src-pages-services-testing-js-616cc5e7140bfff13162.js"],"component---src-pages-services-ui-ux-design-js":["/component---src-pages-services-ui-ux-design-js-134aae8246897a738612.js"],"component---src-pages-services-web-accessibility-index-js":["/component---src-pages-services-web-accessibility-index-js-57d81967249637184ca4.js"],"component---src-pages-services-web-development-js":["/component---src-pages-services-web-development-js-0372cd11a6b717fdc927.js"],"component---src-templates-using-dsg-js":["/component---src-templates-using-dsg-js-a904549ff3f0dd1c033f.js"]}