{"name":"build-javascript","namedChunkGroups":{"app":{"name":"app","assets":[{"name":"webpack-runtime-9061fea379944818159d.js","size":6438},{"name":"framework-edabc3b0154c22465b3f.js","size":140747},{"name":"styles.ef3a17eb4c16f41a6ea0.css","size":37332},{"name":"app-841de100749454ab8f0a.js","size":119105}],"filteredAssets":0,"assetsSize":303622,"filteredAuxiliaryAssets":3,"auxiliaryAssetsSize":854610},"component---src-pages-404-js":{"name":"component---src-pages-404-js","assets":[{"name":"component---src-pages-404-js-6e02d73553697a981055.js","size":1604}],"filteredAssets":0,"assetsSize":1604,"filteredAuxiliaryAssets":2,"auxiliaryAssetsSize":347943},"component---src-pages-about-js":{"name":"component---src-pages-about-js","assets":[{"name":"1bfc9850-965123a6385f222b23c5.js","size":523},{"name":"ae51ba48-aaf5393eb8c2b7492cd1.js","size":460},{"name":"d7eeaac4-2de208962ed3c4b7fdd0.js","size":691},{"name":"066cea8f-17703667aa79d16d7120.js","size":17672},{"name":"1a48c3c1-56f308873e982f1b501c.js","size":1279},{"name":"bf7d5b6c-29255dedbc94c06b8c1b.js","size":668},{"name":"9b380ffa-79e967740f416dfabbc7.js","size":1096},{"name":"90015289dc39106d852034cb3f98211392cb23fa-5c81dfaba97771915733.js","size":15198},{"name":"component---src-pages-about-js-729eb70bef50ff05a591.js","size":5836}],"filteredAssets":0,"assetsSize":43423,"filteredAuxiliaryAssets":9,"auxiliaryAssetsSize":3874676},"component---src-pages-careers-designer-js":{"name":"component---src-pages-careers-designer-js","assets":[{"name":"1bfc9850-965123a6385f222b23c5.js","size":523},{"name":"ae51ba48-aaf5393eb8c2b7492cd1.js","size":460},{"name":"d7eeaac4-2de208962ed3c4b7fdd0.js","size":691},{"name":"066cea8f-17703667aa79d16d7120.js","size":17672},{"name":"1a48c3c1-56f308873e982f1b501c.js","size":1279},{"name":"bf7d5b6c-29255dedbc94c06b8c1b.js","size":668},{"name":"9b380ffa-79e967740f416dfabbc7.js","size":1096},{"name":"0c428ae2-26b2a2608e2b7275fb48.js","size":1005},{"name":"252f366e-820b8b3e27b35c4aabdd.js","size":613},{"name":"de71a805-3206528cdce6d75c83ac.js","size":733},{"name":"90015289dc39106d852034cb3f98211392cb23fa-5c81dfaba97771915733.js","size":15198},{"name":"4560e88839333b978c51eb2a04147377a93ab812-ab4d3d8c001ed2c052be.js","size":5231},{"name":"component---src-pages-careers-designer-js-42bd7c0200c492e2959a.js","size":2870}],"filteredAssets":0,"assetsSize":48039,"filteredAuxiliaryAssets":13,"auxiliaryAssetsSize":7143409},"component---src-pages-careers-index-js":{"name":"component---src-pages-careers-index-js","assets":[{"name":"1bfc9850-965123a6385f222b23c5.js","size":523},{"name":"ae51ba48-aaf5393eb8c2b7492cd1.js","size":460},{"name":"d7eeaac4-2de208962ed3c4b7fdd0.js","size":691},{"name":"066cea8f-17703667aa79d16d7120.js","size":17672},{"name":"1a48c3c1-56f308873e982f1b501c.js","size":1279},{"name":"bf7d5b6c-29255dedbc94c06b8c1b.js","size":668},{"name":"9b380ffa-79e967740f416dfabbc7.js","size":1096},{"name":"0c428ae2-26b2a2608e2b7275fb48.js","size":1005},{"name":"90015289dc39106d852034cb3f98211392cb23fa-5c81dfaba97771915733.js","size":15198},{"name":"4560e88839333b978c51eb2a04147377a93ab812-ab4d3d8c001ed2c052be.js","size":5231},{"name":"component---src-pages-careers-index-js-ddbc3b87d0b2bb21783d.js","size":3517}],"filteredAssets":0,"assetsSize":47340,"filteredAuxiliaryAssets":11,"auxiliaryAssetsSize":4984493},"component---src-pages-careers-laravel-js":{"name":"component---src-pages-careers-laravel-js","assets":[{"name":"1bfc9850-965123a6385f222b23c5.js","size":523},{"name":"ae51ba48-aaf5393eb8c2b7492cd1.js","size":460},{"name":"d7eeaac4-2de208962ed3c4b7fdd0.js","size":691},{"name":"066cea8f-17703667aa79d16d7120.js","size":17672},{"name":"1a48c3c1-56f308873e982f1b501c.js","size":1279},{"name":"bf7d5b6c-29255dedbc94c06b8c1b.js","size":668},{"name":"9b380ffa-79e967740f416dfabbc7.js","size":1096},{"name":"0c428ae2-26b2a2608e2b7275fb48.js","size":1005},{"name":"252f366e-820b8b3e27b35c4aabdd.js","size":613},{"name":"de71a805-3206528cdce6d75c83ac.js","size":733},{"name":"90015289dc39106d852034cb3f98211392cb23fa-5c81dfaba97771915733.js","size":15198},{"name":"4560e88839333b978c51eb2a04147377a93ab812-ab4d3d8c001ed2c052be.js","size":5231},{"name":"component---src-pages-careers-laravel-js-09217111c98a021e27f6.js","size":2862}],"filteredAssets":0,"assetsSize":48031,"filteredAuxiliaryAssets":13,"auxiliaryAssetsSize":7143387},"component---src-pages-careers-reactinfo-js":{"name":"component---src-pages-careers-reactinfo-js","assets":[{"name":"1bfc9850-965123a6385f222b23c5.js","size":523},{"name":"ae51ba48-aaf5393eb8c2b7492cd1.js","size":460},{"name":"d7eeaac4-2de208962ed3c4b7fdd0.js","size":691},{"name":"066cea8f-17703667aa79d16d7120.js","size":17672},{"name":"1a48c3c1-56f308873e982f1b501c.js","size":1279},{"name":"bf7d5b6c-29255dedbc94c06b8c1b.js","size":668},{"name":"9b380ffa-79e967740f416dfabbc7.js","size":1096},{"name":"0c428ae2-26b2a2608e2b7275fb48.js","size":1005},{"name":"252f366e-820b8b3e27b35c4aabdd.js","size":613},{"name":"de71a805-3206528cdce6d75c83ac.js","size":733},{"name":"90015289dc39106d852034cb3f98211392cb23fa-5c81dfaba97771915733.js","size":15198},{"name":"4560e88839333b978c51eb2a04147377a93ab812-ab4d3d8c001ed2c052be.js","size":5231},{"name":"component---src-pages-careers-reactinfo-js-ce7d151aa642eeecd773.js","size":2869}],"filteredAssets":0,"assetsSize":48038,"filteredAuxiliaryAssets":13,"auxiliaryAssetsSize":7143386},"component---src-pages-contact-js":{"name":"component---src-pages-contact-js","assets":[{"name":"1bfc9850-965123a6385f222b23c5.js","size":523},{"name":"ae51ba48-aaf5393eb8c2b7492cd1.js","size":460},{"name":"d7eeaac4-2de208962ed3c4b7fdd0.js","size":691},{"name":"066cea8f-17703667aa79d16d7120.js","size":17672},{"name":"1a48c3c1-56f308873e982f1b501c.js","size":1279},{"name":"bf7d5b6c-29255dedbc94c06b8c1b.js","size":668},{"name":"9b380ffa-79e967740f416dfabbc7.js","size":1096},{"name":"90015289dc39106d852034cb3f98211392cb23fa-5c81dfaba97771915733.js","size":15198},{"name":"component---src-pages-contact-js-70b39ae2cda2cbc88766.js","size":8784}],"filteredAssets":0,"assetsSize":46371,"filteredAuxiliaryAssets":9,"auxiliaryAssetsSize":3877596},"component---src-pages-index-js":{"name":"component---src-pages-index-js","assets":[{"name":"1bfc9850-965123a6385f222b23c5.js","size":523},{"name":"ae51ba48-aaf5393eb8c2b7492cd1.js","size":460},{"name":"d7eeaac4-2de208962ed3c4b7fdd0.js","size":691},{"name":"066cea8f-17703667aa79d16d7120.js","size":17672},{"name":"1a48c3c1-56f308873e982f1b501c.js","size":1279},{"name":"bf7d5b6c-29255dedbc94c06b8c1b.js","size":668},{"name":"9b380ffa-79e967740f416dfabbc7.js","size":1096},{"name":"90015289dc39106d852034cb3f98211392cb23fa-5c81dfaba97771915733.js","size":15198},{"name":"component---src-pages-index-js-f282cf3cb6971bd03709.js","size":36770}],"filteredAssets":0,"assetsSize":74357,"filteredAuxiliaryAssets":9,"auxiliaryAssetsSize":3981629},"component---src-pages-portfolio-js":{"name":"component---src-pages-portfolio-js","assets":[{"name":"1bfc9850-965123a6385f222b23c5.js","size":523},{"name":"ae51ba48-aaf5393eb8c2b7492cd1.js","size":460},{"name":"d7eeaac4-2de208962ed3c4b7fdd0.js","size":691},{"name":"066cea8f-17703667aa79d16d7120.js","size":17672},{"name":"1a48c3c1-56f308873e982f1b501c.js","size":1279},{"name":"bf7d5b6c-29255dedbc94c06b8c1b.js","size":668},{"name":"9b380ffa-79e967740f416dfabbc7.js","size":1096},{"name":"90015289dc39106d852034cb3f98211392cb23fa-5c81dfaba97771915733.js","size":15198},{"name":"component---src-pages-portfolio-js-e903ae93af31ea0fd4e6.js","size":5354}],"filteredAssets":0,"assetsSize":42941,"filteredAuxiliaryAssets":10,"auxiliaryAssetsSize":3963287},"component---src-pages-services-accessibility-accessibility-js":{"name":"component---src-pages-services-accessibility-accessibility-js","assets":[{"name":"1bfc9850-965123a6385f222b23c5.js","size":523},{"name":"ae51ba48-aaf5393eb8c2b7492cd1.js","size":460},{"name":"d7eeaac4-2de208962ed3c4b7fdd0.js","size":691},{"name":"066cea8f-17703667aa79d16d7120.js","size":17672},{"name":"1a48c3c1-56f308873e982f1b501c.js","size":1279},{"name":"bf7d5b6c-29255dedbc94c06b8c1b.js","size":668},{"name":"9b380ffa-79e967740f416dfabbc7.js","size":1096},{"name":"90015289dc39106d852034cb3f98211392cb23fa-5c81dfaba97771915733.js","size":15198},{"name":"52329860e59434d7f8dff0bbfb8ea246f7b6e167-47750bb41b6ef3c6d967.js","size":5978},{"name":"component---src-pages-services-accessibility-accessibility-js-e228870d6a522cc1b525.js","size":1667}],"filteredAssets":0,"assetsSize":45232,"filteredAuxiliaryAssets":10,"auxiliaryAssetsSize":3876596},"component---src-pages-services-digital-marketing-js":{"name":"component---src-pages-services-digital-marketing-js","assets":[{"name":"1bfc9850-965123a6385f222b23c5.js","size":523},{"name":"ae51ba48-aaf5393eb8c2b7492cd1.js","size":460},{"name":"d7eeaac4-2de208962ed3c4b7fdd0.js","size":691},{"name":"066cea8f-17703667aa79d16d7120.js","size":17672},{"name":"1a48c3c1-56f308873e982f1b501c.js","size":1279},{"name":"bf7d5b6c-29255dedbc94c06b8c1b.js","size":668},{"name":"9b380ffa-79e967740f416dfabbc7.js","size":1096},{"name":"90015289dc39106d852034cb3f98211392cb23fa-5c81dfaba97771915733.js","size":15198},{"name":"52329860e59434d7f8dff0bbfb8ea246f7b6e167-47750bb41b6ef3c6d967.js","size":5978},{"name":"53b1af358f1da35bfe7a6c8fbf5008b9659ecf08-27de15133d222b97219d.js","size":2608},{"name":"component---src-pages-services-digital-marketing-js-219922bd91581e5a063e.js","size":2059}],"filteredAssets":0,"assetsSize":48232,"filteredAuxiliaryAssets":11,"auxiliaryAssetsSize":3882497},"component---src-pages-services-doc-accessibility-accessible-excel-js":{"name":"component---src-pages-services-doc-accessibility-accessible-excel-js","assets":[{"name":"1bfc9850-965123a6385f222b23c5.js","size":523},{"name":"ae51ba48-aaf5393eb8c2b7492cd1.js","size":460},{"name":"d7eeaac4-2de208962ed3c4b7fdd0.js","size":691},{"name":"066cea8f-17703667aa79d16d7120.js","size":17672},{"name":"1a48c3c1-56f308873e982f1b501c.js","size":1279},{"name":"bf7d5b6c-29255dedbc94c06b8c1b.js","size":668},{"name":"9b380ffa-79e967740f416dfabbc7.js","size":1096},{"name":"90015289dc39106d852034cb3f98211392cb23fa-5c81dfaba97771915733.js","size":15198},{"name":"52329860e59434d7f8dff0bbfb8ea246f7b6e167-47750bb41b6ef3c6d967.js","size":5978},{"name":"53b1af358f1da35bfe7a6c8fbf5008b9659ecf08-27de15133d222b97219d.js","size":2608},{"name":"component---src-pages-services-doc-accessibility-accessible-excel-js-ac53aa4564e120c87b0e.js","size":1862}],"filteredAssets":0,"assetsSize":48035,"filteredAuxiliaryAssets":11,"auxiliaryAssetsSize":3882312},"component---src-pages-services-doc-accessibility-accessible-pdf-forms-js":{"name":"component---src-pages-services-doc-accessibility-accessible-pdf-forms-js","assets":[{"name":"1bfc9850-965123a6385f222b23c5.js","size":523},{"name":"ae51ba48-aaf5393eb8c2b7492cd1.js","size":460},{"name":"d7eeaac4-2de208962ed3c4b7fdd0.js","size":691},{"name":"066cea8f-17703667aa79d16d7120.js","size":17672},{"name":"1a48c3c1-56f308873e982f1b501c.js","size":1279},{"name":"bf7d5b6c-29255dedbc94c06b8c1b.js","size":668},{"name":"9b380ffa-79e967740f416dfabbc7.js","size":1096},{"name":"90015289dc39106d852034cb3f98211392cb23fa-5c81dfaba97771915733.js","size":15198},{"name":"52329860e59434d7f8dff0bbfb8ea246f7b6e167-47750bb41b6ef3c6d967.js","size":5978},{"name":"53b1af358f1da35bfe7a6c8fbf5008b9659ecf08-27de15133d222b97219d.js","size":2608},{"name":"component---src-pages-services-doc-accessibility-accessible-pdf-forms-js-9a3aaf479f8aa7748d2a.js","size":1860}],"filteredAssets":0,"assetsSize":48033,"filteredAuxiliaryAssets":11,"auxiliaryAssetsSize":3882294},"component---src-pages-services-doc-accessibility-accessible-pdfua-js":{"name":"component---src-pages-services-doc-accessibility-accessible-pdfua-js","assets":[{"name":"1bfc9850-965123a6385f222b23c5.js","size":523},{"name":"ae51ba48-aaf5393eb8c2b7492cd1.js","size":460},{"name":"d7eeaac4-2de208962ed3c4b7fdd0.js","size":691},{"name":"066cea8f-17703667aa79d16d7120.js","size":17672},{"name":"1a48c3c1-56f308873e982f1b501c.js","size":1279},{"name":"bf7d5b6c-29255dedbc94c06b8c1b.js","size":668},{"name":"9b380ffa-79e967740f416dfabbc7.js","size":1096},{"name":"90015289dc39106d852034cb3f98211392cb23fa-5c81dfaba97771915733.js","size":15198},{"name":"52329860e59434d7f8dff0bbfb8ea246f7b6e167-47750bb41b6ef3c6d967.js","size":5978},{"name":"53b1af358f1da35bfe7a6c8fbf5008b9659ecf08-27de15133d222b97219d.js","size":2608},{"name":"component---src-pages-services-doc-accessibility-accessible-pdfua-js-a7b8c792af26b215fbbc.js","size":1865}],"filteredAssets":0,"assetsSize":48038,"filteredAuxiliaryAssets":11,"auxiliaryAssetsSize":3882292},"component---src-pages-services-doc-accessibility-accessible-ppt-js":{"name":"component---src-pages-services-doc-accessibility-accessible-ppt-js","assets":[{"name":"1bfc9850-965123a6385f222b23c5.js","size":523},{"name":"ae51ba48-aaf5393eb8c2b7492cd1.js","size":460},{"name":"d7eeaac4-2de208962ed3c4b7fdd0.js","size":691},{"name":"066cea8f-17703667aa79d16d7120.js","size":17672},{"name":"1a48c3c1-56f308873e982f1b501c.js","size":1279},{"name":"bf7d5b6c-29255dedbc94c06b8c1b.js","size":668},{"name":"9b380ffa-79e967740f416dfabbc7.js","size":1096},{"name":"90015289dc39106d852034cb3f98211392cb23fa-5c81dfaba97771915733.js","size":15198},{"name":"52329860e59434d7f8dff0bbfb8ea246f7b6e167-47750bb41b6ef3c6d967.js","size":5978},{"name":"53b1af358f1da35bfe7a6c8fbf5008b9659ecf08-27de15133d222b97219d.js","size":2608},{"name":"component---src-pages-services-doc-accessibility-accessible-ppt-js-86380be462cc6dca09ea.js","size":1839}],"filteredAssets":0,"assetsSize":48012,"filteredAuxiliaryAssets":11,"auxiliaryAssetsSize":3882209},"component---src-pages-services-doc-accessibility-accessible-word-js":{"name":"component---src-pages-services-doc-accessibility-accessible-word-js","assets":[{"name":"1bfc9850-965123a6385f222b23c5.js","size":523},{"name":"ae51ba48-aaf5393eb8c2b7492cd1.js","size":460},{"name":"d7eeaac4-2de208962ed3c4b7fdd0.js","size":691},{"name":"066cea8f-17703667aa79d16d7120.js","size":17672},{"name":"1a48c3c1-56f308873e982f1b501c.js","size":1279},{"name":"bf7d5b6c-29255dedbc94c06b8c1b.js","size":668},{"name":"9b380ffa-79e967740f416dfabbc7.js","size":1096},{"name":"90015289dc39106d852034cb3f98211392cb23fa-5c81dfaba97771915733.js","size":15198},{"name":"52329860e59434d7f8dff0bbfb8ea246f7b6e167-47750bb41b6ef3c6d967.js","size":5978},{"name":"53b1af358f1da35bfe7a6c8fbf5008b9659ecf08-27de15133d222b97219d.js","size":2608},{"name":"component---src-pages-services-doc-accessibility-accessible-word-js-37ca3dd178c6d4cd6792.js","size":1844}],"filteredAssets":0,"assetsSize":48017,"filteredAuxiliaryAssets":11,"auxiliaryAssetsSize":3882213},"component---src-pages-services-ecommerce-development-js":{"name":"component---src-pages-services-ecommerce-development-js","assets":[{"name":"1bfc9850-965123a6385f222b23c5.js","size":523},{"name":"ae51ba48-aaf5393eb8c2b7492cd1.js","size":460},{"name":"d7eeaac4-2de208962ed3c4b7fdd0.js","size":691},{"name":"066cea8f-17703667aa79d16d7120.js","size":17672},{"name":"1a48c3c1-56f308873e982f1b501c.js","size":1279},{"name":"bf7d5b6c-29255dedbc94c06b8c1b.js","size":668},{"name":"9b380ffa-79e967740f416dfabbc7.js","size":1096},{"name":"90015289dc39106d852034cb3f98211392cb23fa-5c81dfaba97771915733.js","size":15198},{"name":"52329860e59434d7f8dff0bbfb8ea246f7b6e167-47750bb41b6ef3c6d967.js","size":5978},{"name":"53b1af358f1da35bfe7a6c8fbf5008b9659ecf08-27de15133d222b97219d.js","size":2608},{"name":"component---src-pages-services-ecommerce-development-js-028318dfe12b2368ebff.js","size":2064}],"filteredAssets":0,"assetsSize":48237,"filteredAuxiliaryAssets":11,"auxiliaryAssetsSize":3882503},"component---src-pages-services-index-js":{"name":"component---src-pages-services-index-js","assets":[{"name":"1bfc9850-965123a6385f222b23c5.js","size":523},{"name":"ae51ba48-aaf5393eb8c2b7492cd1.js","size":460},{"name":"d7eeaac4-2de208962ed3c4b7fdd0.js","size":691},{"name":"066cea8f-17703667aa79d16d7120.js","size":17672},{"name":"1a48c3c1-56f308873e982f1b501c.js","size":1279},{"name":"bf7d5b6c-29255dedbc94c06b8c1b.js","size":668},{"name":"9b380ffa-79e967740f416dfabbc7.js","size":1096},{"name":"90015289dc39106d852034cb3f98211392cb23fa-5c81dfaba97771915733.js","size":15198},{"name":"52329860e59434d7f8dff0bbfb8ea246f7b6e167-47750bb41b6ef3c6d967.js","size":5978},{"name":"component---src-pages-services-index-js-76d873a887bcd6c862bd.js","size":2559}],"filteredAssets":0,"assetsSize":46124,"filteredAuxiliaryAssets":10,"auxiliaryAssetsSize":3877068},"component---src-pages-services-mobile-development-js":{"name":"component---src-pages-services-mobile-development-js","assets":[{"name":"1bfc9850-965123a6385f222b23c5.js","size":523},{"name":"ae51ba48-aaf5393eb8c2b7492cd1.js","size":460},{"name":"d7eeaac4-2de208962ed3c4b7fdd0.js","size":691},{"name":"066cea8f-17703667aa79d16d7120.js","size":17672},{"name":"1a48c3c1-56f308873e982f1b501c.js","size":1279},{"name":"bf7d5b6c-29255dedbc94c06b8c1b.js","size":668},{"name":"9b380ffa-79e967740f416dfabbc7.js","size":1096},{"name":"90015289dc39106d852034cb3f98211392cb23fa-5c81dfaba97771915733.js","size":15198},{"name":"52329860e59434d7f8dff0bbfb8ea246f7b6e167-47750bb41b6ef3c6d967.js","size":5978},{"name":"53b1af358f1da35bfe7a6c8fbf5008b9659ecf08-27de15133d222b97219d.js","size":2608},{"name":"component---src-pages-services-mobile-development-js-314696493fed8bc77a7f.js","size":2062}],"filteredAssets":0,"assetsSize":48235,"filteredAuxiliaryAssets":11,"auxiliaryAssetsSize":3882507},"component---src-pages-services-product-development-js":{"name":"component---src-pages-services-product-development-js","assets":[{"name":"1bfc9850-965123a6385f222b23c5.js","size":523},{"name":"ae51ba48-aaf5393eb8c2b7492cd1.js","size":460},{"name":"d7eeaac4-2de208962ed3c4b7fdd0.js","size":691},{"name":"066cea8f-17703667aa79d16d7120.js","size":17672},{"name":"1a48c3c1-56f308873e982f1b501c.js","size":1279},{"name":"bf7d5b6c-29255dedbc94c06b8c1b.js","size":668},{"name":"9b380ffa-79e967740f416dfabbc7.js","size":1096},{"name":"90015289dc39106d852034cb3f98211392cb23fa-5c81dfaba97771915733.js","size":15198},{"name":"52329860e59434d7f8dff0bbfb8ea246f7b6e167-47750bb41b6ef3c6d967.js","size":5978},{"name":"53b1af358f1da35bfe7a6c8fbf5008b9659ecf08-27de15133d222b97219d.js","size":2608},{"name":"component---src-pages-services-product-development-js-cb8421355fba0f425d2f.js","size":2069}],"filteredAssets":0,"assetsSize":48242,"filteredAuxiliaryAssets":11,"auxiliaryAssetsSize":3882532},"component---src-pages-services-testing-js":{"name":"component---src-pages-services-testing-js","assets":[{"name":"1bfc9850-965123a6385f222b23c5.js","size":523},{"name":"ae51ba48-aaf5393eb8c2b7492cd1.js","size":460},{"name":"d7eeaac4-2de208962ed3c4b7fdd0.js","size":691},{"name":"066cea8f-17703667aa79d16d7120.js","size":17672},{"name":"1a48c3c1-56f308873e982f1b501c.js","size":1279},{"name":"bf7d5b6c-29255dedbc94c06b8c1b.js","size":668},{"name":"9b380ffa-79e967740f416dfabbc7.js","size":1096},{"name":"90015289dc39106d852034cb3f98211392cb23fa-5c81dfaba97771915733.js","size":15198},{"name":"52329860e59434d7f8dff0bbfb8ea246f7b6e167-47750bb41b6ef3c6d967.js","size":5978},{"name":"53b1af358f1da35bfe7a6c8fbf5008b9659ecf08-27de15133d222b97219d.js","size":2608},{"name":"component---src-pages-services-testing-js-616cc5e7140bfff13162.js","size":2011}],"filteredAssets":0,"assetsSize":48184,"filteredAuxiliaryAssets":11,"auxiliaryAssetsSize":3882135},"component---src-pages-services-ui-ux-design-js":{"name":"component---src-pages-services-ui-ux-design-js","assets":[{"name":"1bfc9850-965123a6385f222b23c5.js","size":523},{"name":"ae51ba48-aaf5393eb8c2b7492cd1.js","size":460},{"name":"d7eeaac4-2de208962ed3c4b7fdd0.js","size":691},{"name":"066cea8f-17703667aa79d16d7120.js","size":17672},{"name":"1a48c3c1-56f308873e982f1b501c.js","size":1279},{"name":"bf7d5b6c-29255dedbc94c06b8c1b.js","size":668},{"name":"9b380ffa-79e967740f416dfabbc7.js","size":1096},{"name":"90015289dc39106d852034cb3f98211392cb23fa-5c81dfaba97771915733.js","size":15198},{"name":"52329860e59434d7f8dff0bbfb8ea246f7b6e167-47750bb41b6ef3c6d967.js","size":5978},{"name":"53b1af358f1da35bfe7a6c8fbf5008b9659ecf08-27de15133d222b97219d.js","size":2608},{"name":"component---src-pages-services-ui-ux-design-js-134aae8246897a738612.js","size":2030}],"filteredAssets":0,"assetsSize":48203,"filteredAuxiliaryAssets":11,"auxiliaryAssetsSize":3882406},"component---src-pages-services-web-accessibility-index-js":{"name":"component---src-pages-services-web-accessibility-index-js","assets":[{"name":"1bfc9850-965123a6385f222b23c5.js","size":523},{"name":"ae51ba48-aaf5393eb8c2b7492cd1.js","size":460},{"name":"d7eeaac4-2de208962ed3c4b7fdd0.js","size":691},{"name":"066cea8f-17703667aa79d16d7120.js","size":17672},{"name":"1a48c3c1-56f308873e982f1b501c.js","size":1279},{"name":"bf7d5b6c-29255dedbc94c06b8c1b.js","size":668},{"name":"9b380ffa-79e967740f416dfabbc7.js","size":1096},{"name":"90015289dc39106d852034cb3f98211392cb23fa-5c81dfaba97771915733.js","size":15198},{"name":"52329860e59434d7f8dff0bbfb8ea246f7b6e167-47750bb41b6ef3c6d967.js","size":5978},{"name":"53b1af358f1da35bfe7a6c8fbf5008b9659ecf08-27de15133d222b97219d.js","size":2608},{"name":"component---src-pages-services-web-accessibility-index-js-57d81967249637184ca4.js","size":1854}],"filteredAssets":0,"assetsSize":48027,"filteredAuxiliaryAssets":11,"auxiliaryAssetsSize":3882080},"component---src-pages-services-web-development-js":{"name":"component---src-pages-services-web-development-js","assets":[{"name":"1bfc9850-965123a6385f222b23c5.js","size":523},{"name":"ae51ba48-aaf5393eb8c2b7492cd1.js","size":460},{"name":"d7eeaac4-2de208962ed3c4b7fdd0.js","size":691},{"name":"066cea8f-17703667aa79d16d7120.js","size":17672},{"name":"1a48c3c1-56f308873e982f1b501c.js","size":1279},{"name":"bf7d5b6c-29255dedbc94c06b8c1b.js","size":668},{"name":"9b380ffa-79e967740f416dfabbc7.js","size":1096},{"name":"90015289dc39106d852034cb3f98211392cb23fa-5c81dfaba97771915733.js","size":15198},{"name":"52329860e59434d7f8dff0bbfb8ea246f7b6e167-47750bb41b6ef3c6d967.js","size":5978},{"name":"53b1af358f1da35bfe7a6c8fbf5008b9659ecf08-27de15133d222b97219d.js","size":2608},{"name":"component---src-pages-services-web-development-js-0372cd11a6b717fdc927.js","size":2033}],"filteredAssets":0,"assetsSize":48206,"filteredAuxiliaryAssets":11,"auxiliaryAssetsSize":3882468},"component---src-templates-using-dsg-js":{"name":"component---src-templates-using-dsg-js","assets":[{"name":"1bfc9850-965123a6385f222b23c5.js","size":523},{"name":"ae51ba48-aaf5393eb8c2b7492cd1.js","size":460},{"name":"d7eeaac4-2de208962ed3c4b7fdd0.js","size":691},{"name":"066cea8f-17703667aa79d16d7120.js","size":17672},{"name":"1a48c3c1-56f308873e982f1b501c.js","size":1279},{"name":"bf7d5b6c-29255dedbc94c06b8c1b.js","size":668},{"name":"9b380ffa-79e967740f416dfabbc7.js","size":1096},{"name":"90015289dc39106d852034cb3f98211392cb23fa-5c81dfaba97771915733.js","size":15198},{"name":"component---src-templates-using-dsg-js-a904549ff3f0dd1c033f.js","size":807}],"filteredAssets":0,"assetsSize":38394,"filteredAuxiliaryAssets":9,"auxiliaryAssetsSize":3867055}},"assetsByChunkName":{"app":["webpack-runtime-9061fea379944818159d.js","framework-edabc3b0154c22465b3f.js","styles.ef3a17eb4c16f41a6ea0.css","app-841de100749454ab8f0a.js"],"component---src-pages-404-js":["component---src-pages-404-js-6e02d73553697a981055.js"],"component---src-pages-about-js":["1bfc9850-965123a6385f222b23c5.js","ae51ba48-aaf5393eb8c2b7492cd1.js","d7eeaac4-2de208962ed3c4b7fdd0.js","066cea8f-17703667aa79d16d7120.js","1a48c3c1-56f308873e982f1b501c.js","bf7d5b6c-29255dedbc94c06b8c1b.js","9b380ffa-79e967740f416dfabbc7.js","90015289dc39106d852034cb3f98211392cb23fa-5c81dfaba97771915733.js","component---src-pages-about-js-729eb70bef50ff05a591.js"],"component---src-pages-careers-designer-js":["1bfc9850-965123a6385f222b23c5.js","ae51ba48-aaf5393eb8c2b7492cd1.js","d7eeaac4-2de208962ed3c4b7fdd0.js","066cea8f-17703667aa79d16d7120.js","1a48c3c1-56f308873e982f1b501c.js","bf7d5b6c-29255dedbc94c06b8c1b.js","9b380ffa-79e967740f416dfabbc7.js","0c428ae2-26b2a2608e2b7275fb48.js","252f366e-820b8b3e27b35c4aabdd.js","de71a805-3206528cdce6d75c83ac.js","90015289dc39106d852034cb3f98211392cb23fa-5c81dfaba97771915733.js","4560e88839333b978c51eb2a04147377a93ab812-ab4d3d8c001ed2c052be.js","component---src-pages-careers-designer-js-42bd7c0200c492e2959a.js"],"component---src-pages-careers-index-js":["1bfc9850-965123a6385f222b23c5.js","ae51ba48-aaf5393eb8c2b7492cd1.js","d7eeaac4-2de208962ed3c4b7fdd0.js","066cea8f-17703667aa79d16d7120.js","1a48c3c1-56f308873e982f1b501c.js","bf7d5b6c-29255dedbc94c06b8c1b.js","9b380ffa-79e967740f416dfabbc7.js","0c428ae2-26b2a2608e2b7275fb48.js","90015289dc39106d852034cb3f98211392cb23fa-5c81dfaba97771915733.js","4560e88839333b978c51eb2a04147377a93ab812-ab4d3d8c001ed2c052be.js","component---src-pages-careers-index-js-ddbc3b87d0b2bb21783d.js"],"component---src-pages-careers-laravel-js":["1bfc9850-965123a6385f222b23c5.js","ae51ba48-aaf5393eb8c2b7492cd1.js","d7eeaac4-2de208962ed3c4b7fdd0.js","066cea8f-17703667aa79d16d7120.js","1a48c3c1-56f308873e982f1b501c.js","bf7d5b6c-29255dedbc94c06b8c1b.js","9b380ffa-79e967740f416dfabbc7.js","0c428ae2-26b2a2608e2b7275fb48.js","252f366e-820b8b3e27b35c4aabdd.js","de71a805-3206528cdce6d75c83ac.js","90015289dc39106d852034cb3f98211392cb23fa-5c81dfaba97771915733.js","4560e88839333b978c51eb2a04147377a93ab812-ab4d3d8c001ed2c052be.js","component---src-pages-careers-laravel-js-09217111c98a021e27f6.js"],"component---src-pages-careers-reactinfo-js":["1bfc9850-965123a6385f222b23c5.js","ae51ba48-aaf5393eb8c2b7492cd1.js","d7eeaac4-2de208962ed3c4b7fdd0.js","066cea8f-17703667aa79d16d7120.js","1a48c3c1-56f308873e982f1b501c.js","bf7d5b6c-29255dedbc94c06b8c1b.js","9b380ffa-79e967740f416dfabbc7.js","0c428ae2-26b2a2608e2b7275fb48.js","252f366e-820b8b3e27b35c4aabdd.js","de71a805-3206528cdce6d75c83ac.js","90015289dc39106d852034cb3f98211392cb23fa-5c81dfaba97771915733.js","4560e88839333b978c51eb2a04147377a93ab812-ab4d3d8c001ed2c052be.js","component---src-pages-careers-reactinfo-js-ce7d151aa642eeecd773.js"],"component---src-pages-contact-js":["1bfc9850-965123a6385f222b23c5.js","ae51ba48-aaf5393eb8c2b7492cd1.js","d7eeaac4-2de208962ed3c4b7fdd0.js","066cea8f-17703667aa79d16d7120.js","1a48c3c1-56f308873e982f1b501c.js","bf7d5b6c-29255dedbc94c06b8c1b.js","9b380ffa-79e967740f416dfabbc7.js","90015289dc39106d852034cb3f98211392cb23fa-5c81dfaba97771915733.js","component---src-pages-contact-js-70b39ae2cda2cbc88766.js"],"component---src-pages-index-js":["1bfc9850-965123a6385f222b23c5.js","ae51ba48-aaf5393eb8c2b7492cd1.js","d7eeaac4-2de208962ed3c4b7fdd0.js","066cea8f-17703667aa79d16d7120.js","1a48c3c1-56f308873e982f1b501c.js","bf7d5b6c-29255dedbc94c06b8c1b.js","9b380ffa-79e967740f416dfabbc7.js","90015289dc39106d852034cb3f98211392cb23fa-5c81dfaba97771915733.js","component---src-pages-index-js-f282cf3cb6971bd03709.js"],"component---src-pages-portfolio-js":["1bfc9850-965123a6385f222b23c5.js","ae51ba48-aaf5393eb8c2b7492cd1.js","d7eeaac4-2de208962ed3c4b7fdd0.js","066cea8f-17703667aa79d16d7120.js","1a48c3c1-56f308873e982f1b501c.js","bf7d5b6c-29255dedbc94c06b8c1b.js","9b380ffa-79e967740f416dfabbc7.js","90015289dc39106d852034cb3f98211392cb23fa-5c81dfaba97771915733.js","component---src-pages-portfolio-js-e903ae93af31ea0fd4e6.js"],"component---src-pages-services-accessibility-accessibility-js":["1bfc9850-965123a6385f222b23c5.js","ae51ba48-aaf5393eb8c2b7492cd1.js","d7eeaac4-2de208962ed3c4b7fdd0.js","066cea8f-17703667aa79d16d7120.js","1a48c3c1-56f308873e982f1b501c.js","bf7d5b6c-29255dedbc94c06b8c1b.js","9b380ffa-79e967740f416dfabbc7.js","90015289dc39106d852034cb3f98211392cb23fa-5c81dfaba97771915733.js","52329860e59434d7f8dff0bbfb8ea246f7b6e167-47750bb41b6ef3c6d967.js","component---src-pages-services-accessibility-accessibility-js-e228870d6a522cc1b525.js"],"component---src-pages-services-digital-marketing-js":["1bfc9850-965123a6385f222b23c5.js","ae51ba48-aaf5393eb8c2b7492cd1.js","d7eeaac4-2de208962ed3c4b7fdd0.js","066cea8f-17703667aa79d16d7120.js","1a48c3c1-56f308873e982f1b501c.js","bf7d5b6c-29255dedbc94c06b8c1b.js","9b380ffa-79e967740f416dfabbc7.js","90015289dc39106d852034cb3f98211392cb23fa-5c81dfaba97771915733.js","52329860e59434d7f8dff0bbfb8ea246f7b6e167-47750bb41b6ef3c6d967.js","53b1af358f1da35bfe7a6c8fbf5008b9659ecf08-27de15133d222b97219d.js","component---src-pages-services-digital-marketing-js-219922bd91581e5a063e.js"],"component---src-pages-services-doc-accessibility-accessible-excel-js":["1bfc9850-965123a6385f222b23c5.js","ae51ba48-aaf5393eb8c2b7492cd1.js","d7eeaac4-2de208962ed3c4b7fdd0.js","066cea8f-17703667aa79d16d7120.js","1a48c3c1-56f308873e982f1b501c.js","bf7d5b6c-29255dedbc94c06b8c1b.js","9b380ffa-79e967740f416dfabbc7.js","90015289dc39106d852034cb3f98211392cb23fa-5c81dfaba97771915733.js","52329860e59434d7f8dff0bbfb8ea246f7b6e167-47750bb41b6ef3c6d967.js","53b1af358f1da35bfe7a6c8fbf5008b9659ecf08-27de15133d222b97219d.js","component---src-pages-services-doc-accessibility-accessible-excel-js-ac53aa4564e120c87b0e.js"],"component---src-pages-services-doc-accessibility-accessible-pdf-forms-js":["1bfc9850-965123a6385f222b23c5.js","ae51ba48-aaf5393eb8c2b7492cd1.js","d7eeaac4-2de208962ed3c4b7fdd0.js","066cea8f-17703667aa79d16d7120.js","1a48c3c1-56f308873e982f1b501c.js","bf7d5b6c-29255dedbc94c06b8c1b.js","9b380ffa-79e967740f416dfabbc7.js","90015289dc39106d852034cb3f98211392cb23fa-5c81dfaba97771915733.js","52329860e59434d7f8dff0bbfb8ea246f7b6e167-47750bb41b6ef3c6d967.js","53b1af358f1da35bfe7a6c8fbf5008b9659ecf08-27de15133d222b97219d.js","component---src-pages-services-doc-accessibility-accessible-pdf-forms-js-9a3aaf479f8aa7748d2a.js"],"component---src-pages-services-doc-accessibility-accessible-pdfua-js":["1bfc9850-965123a6385f222b23c5.js","ae51ba48-aaf5393eb8c2b7492cd1.js","d7eeaac4-2de208962ed3c4b7fdd0.js","066cea8f-17703667aa79d16d7120.js","1a48c3c1-56f308873e982f1b501c.js","bf7d5b6c-29255dedbc94c06b8c1b.js","9b380ffa-79e967740f416dfabbc7.js","90015289dc39106d852034cb3f98211392cb23fa-5c81dfaba97771915733.js","52329860e59434d7f8dff0bbfb8ea246f7b6e167-47750bb41b6ef3c6d967.js","53b1af358f1da35bfe7a6c8fbf5008b9659ecf08-27de15133d222b97219d.js","component---src-pages-services-doc-accessibility-accessible-pdfua-js-a7b8c792af26b215fbbc.js"],"component---src-pages-services-doc-accessibility-accessible-ppt-js":["1bfc9850-965123a6385f222b23c5.js","ae51ba48-aaf5393eb8c2b7492cd1.js","d7eeaac4-2de208962ed3c4b7fdd0.js","066cea8f-17703667aa79d16d7120.js","1a48c3c1-56f308873e982f1b501c.js","bf7d5b6c-29255dedbc94c06b8c1b.js","9b380ffa-79e967740f416dfabbc7.js","90015289dc39106d852034cb3f98211392cb23fa-5c81dfaba97771915733.js","52329860e59434d7f8dff0bbfb8ea246f7b6e167-47750bb41b6ef3c6d967.js","53b1af358f1da35bfe7a6c8fbf5008b9659ecf08-27de15133d222b97219d.js","component---src-pages-services-doc-accessibility-accessible-ppt-js-86380be462cc6dca09ea.js"],"component---src-pages-services-doc-accessibility-accessible-word-js":["1bfc9850-965123a6385f222b23c5.js","ae51ba48-aaf5393eb8c2b7492cd1.js","d7eeaac4-2de208962ed3c4b7fdd0.js","066cea8f-17703667aa79d16d7120.js","1a48c3c1-56f308873e982f1b501c.js","bf7d5b6c-29255dedbc94c06b8c1b.js","9b380ffa-79e967740f416dfabbc7.js","90015289dc39106d852034cb3f98211392cb23fa-5c81dfaba97771915733.js","52329860e59434d7f8dff0bbfb8ea246f7b6e167-47750bb41b6ef3c6d967.js","53b1af358f1da35bfe7a6c8fbf5008b9659ecf08-27de15133d222b97219d.js","component---src-pages-services-doc-accessibility-accessible-word-js-37ca3dd178c6d4cd6792.js"],"component---src-pages-services-ecommerce-development-js":["1bfc9850-965123a6385f222b23c5.js","ae51ba48-aaf5393eb8c2b7492cd1.js","d7eeaac4-2de208962ed3c4b7fdd0.js","066cea8f-17703667aa79d16d7120.js","1a48c3c1-56f308873e982f1b501c.js","bf7d5b6c-29255dedbc94c06b8c1b.js","9b380ffa-79e967740f416dfabbc7.js","90015289dc39106d852034cb3f98211392cb23fa-5c81dfaba97771915733.js","52329860e59434d7f8dff0bbfb8ea246f7b6e167-47750bb41b6ef3c6d967.js","53b1af358f1da35bfe7a6c8fbf5008b9659ecf08-27de15133d222b97219d.js","component---src-pages-services-ecommerce-development-js-028318dfe12b2368ebff.js"],"component---src-pages-services-index-js":["1bfc9850-965123a6385f222b23c5.js","ae51ba48-aaf5393eb8c2b7492cd1.js","d7eeaac4-2de208962ed3c4b7fdd0.js","066cea8f-17703667aa79d16d7120.js","1a48c3c1-56f308873e982f1b501c.js","bf7d5b6c-29255dedbc94c06b8c1b.js","9b380ffa-79e967740f416dfabbc7.js","90015289dc39106d852034cb3f98211392cb23fa-5c81dfaba97771915733.js","52329860e59434d7f8dff0bbfb8ea246f7b6e167-47750bb41b6ef3c6d967.js","component---src-pages-services-index-js-76d873a887bcd6c862bd.js"],"component---src-pages-services-mobile-development-js":["1bfc9850-965123a6385f222b23c5.js","ae51ba48-aaf5393eb8c2b7492cd1.js","d7eeaac4-2de208962ed3c4b7fdd0.js","066cea8f-17703667aa79d16d7120.js","1a48c3c1-56f308873e982f1b501c.js","bf7d5b6c-29255dedbc94c06b8c1b.js","9b380ffa-79e967740f416dfabbc7.js","90015289dc39106d852034cb3f98211392cb23fa-5c81dfaba97771915733.js","52329860e59434d7f8dff0bbfb8ea246f7b6e167-47750bb41b6ef3c6d967.js","53b1af358f1da35bfe7a6c8fbf5008b9659ecf08-27de15133d222b97219d.js","component---src-pages-services-mobile-development-js-314696493fed8bc77a7f.js"],"component---src-pages-services-product-development-js":["1bfc9850-965123a6385f222b23c5.js","ae51ba48-aaf5393eb8c2b7492cd1.js","d7eeaac4-2de208962ed3c4b7fdd0.js","066cea8f-17703667aa79d16d7120.js","1a48c3c1-56f308873e982f1b501c.js","bf7d5b6c-29255dedbc94c06b8c1b.js","9b380ffa-79e967740f416dfabbc7.js","90015289dc39106d852034cb3f98211392cb23fa-5c81dfaba97771915733.js","52329860e59434d7f8dff0bbfb8ea246f7b6e167-47750bb41b6ef3c6d967.js","53b1af358f1da35bfe7a6c8fbf5008b9659ecf08-27de15133d222b97219d.js","component---src-pages-services-product-development-js-cb8421355fba0f425d2f.js"],"component---src-pages-services-testing-js":["1bfc9850-965123a6385f222b23c5.js","ae51ba48-aaf5393eb8c2b7492cd1.js","d7eeaac4-2de208962ed3c4b7fdd0.js","066cea8f-17703667aa79d16d7120.js","1a48c3c1-56f308873e982f1b501c.js","bf7d5b6c-29255dedbc94c06b8c1b.js","9b380ffa-79e967740f416dfabbc7.js","90015289dc39106d852034cb3f98211392cb23fa-5c81dfaba97771915733.js","52329860e59434d7f8dff0bbfb8ea246f7b6e167-47750bb41b6ef3c6d967.js","53b1af358f1da35bfe7a6c8fbf5008b9659ecf08-27de15133d222b97219d.js","component---src-pages-services-testing-js-616cc5e7140bfff13162.js"],"component---src-pages-services-ui-ux-design-js":["1bfc9850-965123a6385f222b23c5.js","ae51ba48-aaf5393eb8c2b7492cd1.js","d7eeaac4-2de208962ed3c4b7fdd0.js","066cea8f-17703667aa79d16d7120.js","1a48c3c1-56f308873e982f1b501c.js","bf7d5b6c-29255dedbc94c06b8c1b.js","9b380ffa-79e967740f416dfabbc7.js","90015289dc39106d852034cb3f98211392cb23fa-5c81dfaba97771915733.js","52329860e59434d7f8dff0bbfb8ea246f7b6e167-47750bb41b6ef3c6d967.js","53b1af358f1da35bfe7a6c8fbf5008b9659ecf08-27de15133d222b97219d.js","component---src-pages-services-ui-ux-design-js-134aae8246897a738612.js"],"component---src-pages-services-web-accessibility-index-js":["1bfc9850-965123a6385f222b23c5.js","ae51ba48-aaf5393eb8c2b7492cd1.js","d7eeaac4-2de208962ed3c4b7fdd0.js","066cea8f-17703667aa79d16d7120.js","1a48c3c1-56f308873e982f1b501c.js","bf7d5b6c-29255dedbc94c06b8c1b.js","9b380ffa-79e967740f416dfabbc7.js","90015289dc39106d852034cb3f98211392cb23fa-5c81dfaba97771915733.js","52329860e59434d7f8dff0bbfb8ea246f7b6e167-47750bb41b6ef3c6d967.js","53b1af358f1da35bfe7a6c8fbf5008b9659ecf08-27de15133d222b97219d.js","component---src-pages-services-web-accessibility-index-js-57d81967249637184ca4.js"],"component---src-pages-services-web-development-js":["1bfc9850-965123a6385f222b23c5.js","ae51ba48-aaf5393eb8c2b7492cd1.js","d7eeaac4-2de208962ed3c4b7fdd0.js","066cea8f-17703667aa79d16d7120.js","1a48c3c1-56f308873e982f1b501c.js","bf7d5b6c-29255dedbc94c06b8c1b.js","9b380ffa-79e967740f416dfabbc7.js","90015289dc39106d852034cb3f98211392cb23fa-5c81dfaba97771915733.js","52329860e59434d7f8dff0bbfb8ea246f7b6e167-47750bb41b6ef3c6d967.js","53b1af358f1da35bfe7a6c8fbf5008b9659ecf08-27de15133d222b97219d.js","component---src-pages-services-web-development-js-0372cd11a6b717fdc927.js"],"component---src-templates-using-dsg-js":["1bfc9850-965123a6385f222b23c5.js","ae51ba48-aaf5393eb8c2b7492cd1.js","d7eeaac4-2de208962ed3c4b7fdd0.js","066cea8f-17703667aa79d16d7120.js","1a48c3c1-56f308873e982f1b501c.js","bf7d5b6c-29255dedbc94c06b8c1b.js","9b380ffa-79e967740f416dfabbc7.js","90015289dc39106d852034cb3f98211392cb23fa-5c81dfaba97771915733.js","component---src-templates-using-dsg-js-a904549ff3f0dd1c033f.js"]},"childAssetsByChunkName":{}}